{"epoch": 29, "loss": 1.4446558952331543, "accuracy": 0.5712053775787354, "val_loss": 1.0650489330291748, "val_accuracy": 0.6957408785820007, "_timestamp": 1713631896.3843763, "_runtime": 2229.692098379135, "_step": 29, "_wandb": {"runtime": 2228}}