{"epoch": 49, "loss": 0.017695503309369087, "accuracy": 0.9944732189178467, "val_loss": 0.0058175972662866116, "val_accuracy": 0.9986110925674438, "_timestamp": 1715392090.1847918, "_runtime": 4848.711870908737, "_step": 49, "_wandb": {"runtime": 4847}}