{"epoch": 99, "loss": 1.0004223585128784, "accuracy": 0.7075436115264893, "val_loss": 0.4945169985294342, "val_accuracy": 0.8732638955116272, "_timestamp": 1715369377.3990307, "_runtime": 8644.0579996109, "_step": 99, "_wandb": {"runtime": 8643}}