{"epoch": 36, "loss": 0.09748070687055588, "accuracy": 0.9697771668434143, "val_loss": 9.216456413269043, "val_accuracy": 0.1643713265657425, "_timestamp": 1712167921.1396782, "_runtime": 4183.426100254059, "_step": 36, "_wandb": {"runtime": 4182}}