{"epoch": 9, "loss": 0.07146763801574707, "accuracy": 0.9801702499389648, "val_loss": 0.65863436460495, "val_accuracy": 0.8377965092658997, "_timestamp": 1712221013.5916922, "_runtime": 1205.9502811431885, "_step": 9, "_wandb": {"runtime": 1205}}