{"epoch": 18, "loss": 2.2726938724517822, "accuracy": 0.37689292430877686, "val_loss": 1.9440500736236572, "val_accuracy": 0.46378475427627563, "_timestamp": 1713641740.2329383, "_runtime": 1511.4584074020386, "_step": 18}