{"epoch": 56, "loss": 0.010134603828191757, "accuracy": 0.9968749284744263, "val_loss": 0.003140914486721158, "val_accuracy": 0.9991897940635681, "_timestamp": 1715798170.2040126, "_runtime": 12113.402592658997, "_step": 56}