{"epoch": 16, "loss": 0.02776646800339222, "accuracy": 0.99180668592453, "val_loss": 2.918586254119873, "val_accuracy": 0.44567713141441345, "_timestamp": 1712170157.2231147, "_runtime": 2223.475448846817, "_step": 16, "_wandb": {"runtime": 2221}}