{"epoch": 49, "loss": 0.038237303495407104, "accuracy": 0.9884545207023621, "val_loss": 0.009418361820280552, "val_accuracy": 0.9975694417953491, "_timestamp": 1715373521.9387438, "_runtime": 4134.25727391243, "_step": 49, "_wandb": {"runtime": 4133}}