{"epoch": 29, "loss": 0.38108330965042114, "accuracy": 0.8788216710090637, "val_loss": 0.5232548117637634, "val_accuracy": 0.8630451560020447, "_timestamp": 1713637834.903463, "_runtime": 2377.2997958660126, "_step": 29, "_wandb": {"runtime": 2376}}