{"epoch": 99, "loss": 0.9817469716072083, "accuracy": 0.7097716927528381, "val_loss": 0.4975142776966095, "val_accuracy": 0.8723379373550415, "_timestamp": 1715762836.9278953, "_runtime": 14045.294617414474, "_step": 99, "_wandb": {"runtime": 14044}}