{"epoch": 99, "loss": 0.640015184879303, "accuracy": 0.8231140971183777, "val_loss": 0.24104297161102295, "val_accuracy": 0.9428240656852722, "_timestamp": 1715733795.8857949, "_runtime": 20038.313423871994, "_step": 99, "_wandb": {"runtime": 20037}}