{"epoch": 24, "loss": 0.07959190756082535, "accuracy": 0.9751650094985962, "val_loss": 3.1708335876464844, "val_accuracy": 0.487630695104599, "_timestamp": 1712214874.4958665, "_runtime": 2440.0303394794464, "_step": 24, "_wandb": {"runtime": 2439}}