{"epoch": 9, "loss": 0.14646326005458832, "accuracy": 0.9548569917678833, "val_loss": 0.028874903917312622, "val_accuracy": 0.9936240911483765, "_timestamp": 1712246362.2621503, "_runtime": 2153.3276352882385, "_step": 9, "_wandb": {"runtime": 2152}}