{"epoch": 99, "loss": 0.11187765002250671, "accuracy": 0.964931309223175, "val_loss": 0.218865305185318, "val_accuracy": 0.9254016876220703, "_timestamp": 1713694027.187901, "_runtime": 7920.425915956497, "_step": 99, "_wandb": {"runtime": 7919}}