{"epoch": 49, "loss": 2.0902276039123535, "accuracy": 0.4123093783855438, "val_loss": 1.5356413125991821, "val_accuracy": 0.5708333253860474, "_timestamp": 1715740997.9456573, "_runtime": 7188.987735271454, "_step": 49, "_wandb": {"runtime": 7187}}