{"epoch": 99, "loss": 1.1854711771011353, "accuracy": 0.661622166633606, "val_loss": 0.6579319834709167, "val_accuracy": 0.8356481194496155, "_timestamp": 1715382407.390431, "_runtime": 8872.976344823837, "_step": 99, "_wandb": {"runtime": 8870}}