{"epoch": 49, "loss": 2.394219160079956, "accuracy": 0.37098875641822815, "val_loss": 1.8942173719406128, "val_accuracy": 0.49710649251937866, "_timestamp": 1715420538.155222, "_runtime": 4538.790662050247, "_step": 49, "_wandb": {"runtime": 4538}}