{"epoch": 99, "loss": 0.05452023446559906, "accuracy": 0.9832945466041565, "val_loss": 0.010777219198644161, "val_accuracy": 0.9974496364593506, "_timestamp": 1713673506.0581572, "_runtime": 8064.469110250473, "_step": 99, "_wandb": {"runtime": 8063}}