{"epoch": 9, "loss": 0.6172423362731934, "accuracy": 0.8019893765449524, "val_loss": 0.2553781569004059, "val_accuracy": 0.9319051504135132, "_timestamp": 1712224792.1446095, "_runtime": 803.8864054679871, "_step": 9, "_wandb": {"runtime": 801}}