{"epoch": 20, "loss": 0.3613278269767761, "accuracy": 0.9305639863014221, "val_loss": 1.122091293334961, "val_accuracy": 0.765876054763794, "_timestamp": 1712227985.9951506, "_runtime": 2074.3860476017, "_step": 20, "_wandb": {"runtime": 2073}}