{"epoch": 29, "loss": 0.03573205694556236, "accuracy": 0.9891287088394165, "val_loss": 0.007669765967875719, "val_accuracy": 0.9977046847343445, "_timestamp": 1713640217.8153136, "_runtime": 2373.7008726596832, "_step": 29, "_wandb": {"runtime": 2372}}