{"_wandb": {"runtime": 760}, "train/box_loss": 2.10602, "train/cls_loss": 4.7107, "train/dfl_loss": 1.39071, "_timestamp": 1715628918.7447588, "lr/pg0": 0.0706, "lr/pg1": 0.003266666666666667, "lr/pg2": 0.003266666666666667, "metrics/precision(B)": 0.00205, "metrics/recall(B)": 0.24262, "metrics/mAP50(B)": 0.13784, "metrics/mAP50-95(B)": 0.0511, "val/box_loss": 1.71201, "val/cls_loss": 4.52085, "val/dfl_loss": 1.18812, "labels": {"_type": "image-file", "sha256": "a0a82f74945fab7b210504879e1a40694291c624e54079fb60919a3c7b373024", "size": 134822, "path": "media/images/labels_1_a0a82f74945fab7b2105.jpg", "format": "jpg", "width": 1600, "height": 1600}, "train_batch0": {"_type": "image-file", "sha256": "4f47de13b4f3e0caf179adbe988ea2bdbe1385a9bea71d5f4575ae357671f9ca", "size": 508029, "path": "media/images/train_batch0_1_4f47de13b4f3e0caf179.jpg", "format": "jpg", "width": 1920, "height": 1920}, "train_batch1": {"_type": "image-file", "sha256": "4be57d788052f3ab193b8be8ecef9dcb780f224154b9bd55c1f5891b540388d2", "size": 503311, "path": "media/images/train_batch1_1_4be57d788052f3ab193b.jpg", "format": "jpg", "width": 1920, "height": 1920}, "train_batch2": {"_type": "image-file", "sha256": "cce5d2e0fc95665c866429c31fb2cd5ebcc86d9c0db1515d17b2830dd5496c44", "size": 576910, "path": "media/images/train_batch2_1_cce5d2e0fc95665c8664.jpg", "format": "jpg", "width": 1920, "height": 1920}, "model/parameters": 3011628, "model/GFLOPs": 8.197, "model/speed_PyTorch(ms)": 207.216, "_runtime": 545.8289458751678, "_step": 1}