{"epoch": 99, "loss": 1.9297842979431152, "accuracy": 0.4444798529148102, "val_loss": 1.4793585538864136, "val_accuracy": 0.569242537021637, "_timestamp": 1713702472.5143266, "_runtime": 8434.298991680145, "_step": 99, "_wandb": {"runtime": 8432}}