{"epoch": 1, "loss": 3.551013231277466, "accuracy": 0.0888194590806961, "val_loss": 3.3946752548217773, "val_accuracy": 0.1308339685201645, "_timestamp": 1713634385.9124067, "_runtime": 155.43454575538635, "_step": 1}