{"epoch": 9, "loss": 0.05373650789260864, "accuracy": 0.9835495948791504, "val_loss": 0.09456714242696762, "val_accuracy": 0.975261390209198, "_timestamp": 1712171010.775314, "_runtime": 838.6066620349884, "_step": 9, "_wandb": {"runtime": 836}}