{"epoch": 9, "loss": 0.24810530245304108, "accuracy": 0.921733021736145, "val_loss": 0.5039190053939819, "val_accuracy": 0.8566691875457764, "_timestamp": 1712174332.0141876, "_runtime": 1091.725135564804, "_step": 9, "_wandb": {"runtime": 1089}}