{"epoch": 27, "loss": 0.27775129675865173, "accuracy": 0.9616475701332092, "val_loss": 6.132082462310791, "val_accuracy": 0.4584289789199829, "_timestamp": 1712236305.1658788, "_runtime": 4578.305137872696, "_step": 27, "_wandb": {"runtime": 4577}}