{"epoch": 49, "loss": 0.35501763224601746, "accuracy": 0.8971613645553589, "val_loss": 0.12632736563682556, "val_accuracy": 0.9673610925674438, "_timestamp": 1715360722.0216906, "_runtime": 4309.99004650116, "_step": 49, "_wandb": {"runtime": 4309}}