{"epoch": 16, "loss": 0.055761899799108505, "accuracy": 0.9859406352043152, "val_loss": 3.053882122039795, "val_accuracy": 0.4465697407722473, "_timestamp": 1712177019.149419, "_runtime": 1804.3264801502228, "_step": 16, "_wandb": {"runtime": 1803}}