{"epoch": 29, "loss": 0.040742792189121246, "accuracy": 0.987853467464447, "val_loss": 0.023317711427807808, "val_accuracy": 0.9936240911483765, "_timestamp": 1713634220.4138603, "_runtime": 2304.39941239357, "_step": 29, "_wandb": {"runtime": 2303}}