{"epoch": 99, "loss": 0.10624751448631287, "accuracy": 0.9688207507133484, "val_loss": 0.24553923308849335, "val_accuracy": 0.9338179230690002, "_timestamp": 1713665431.0552661, "_runtime": 7580.676431179047, "_step": 99, "_wandb": {"runtime": 7579}}