{"epoch": 9, "loss": 0.06940903514623642, "accuracy": 0.9795644879341125, "val_loss": 0.3640652298927307, "val_accuracy": 0.8960724472999573, "_timestamp": 1712603885.230004, "_runtime": 974.5842809677124, "_step": 9, "_wandb": {"runtime": 972}}