{"epoch": 9, "loss": 0.0898907408118248, "accuracy": 0.9773966073989868, "val_loss": 88.81918334960938, "val_accuracy": 0.0076511092483997345, "_timestamp": 1712172259.2095742, "_runtime": 1236.0121381282806, "_step": 9, "_wandb": {"runtime": 1234}}