{"epoch": 9, "loss": 0.18026438355445862, "accuracy": 0.9563872814178467, "val_loss": 8.8432035446167, "val_accuracy": 0.05075236037373543, "_timestamp": 1712250862.2143176, "_runtime": 1884.1085674762726, "_step": 9, "_wandb": {"runtime": 1883}}