{"epoch": 49, "loss": 1.95372474193573, "accuracy": 0.43835878372192383, "val_loss": 1.6856926679611206, "val_accuracy": 0.5292017459869385, "_timestamp": 1713707391.981067, "_runtime": 4906.19339799881, "_step": 49, "_wandb": {"runtime": 4904}}