{"epoch": 9, "loss": 0.14121286571025848, "accuracy": 0.956323504447937, "val_loss": 2.5137810707092285, "val_accuracy": 0.4523080885410309, "_timestamp": 1712605823.3883772, "_runtime": 927.1325182914734, "_step": 9, "_wandb": {"runtime": 926}}