{"epoch": 9, "loss": 0.14516231417655945, "accuracy": 0.954219400882721, "val_loss": 4.291844367980957, "val_accuracy": 0.2660035789012909, "_timestamp": 1712606821.9376457, "_runtime": 985.2307865619659, "_step": 9, "_wandb": {"runtime": 984}}