{"epoch": 9, "loss": 0.0617377795279026, "accuracy": 0.9818918108940125, "val_loss": 3.642092704772949, "val_accuracy": 0.22609028220176697, "_timestamp": 1712219798.3596342, "_runtime": 922.3051142692566, "_step": 9, "_wandb": {"runtime": 921}}