{"epoch": 49, "loss": 1.2398377656936646, "accuracy": 0.6392256617546082, "val_loss": 0.7883505821228027, "val_accuracy": 0.7929398417472839, "_timestamp": 1715387228.6824055, "_runtime": 4801.3976085186005, "_step": 49, "_wandb": {"runtime": 4799}}