{"epoch": 9, "loss": 1.7604316473007202, "accuracy": 0.4212707579135895, "val_loss": 2.283165693283081, "val_accuracy": 0.34200459718704224, "_timestamp": 1712173220.7623117, "_runtime": 943.1255016326904, "_step": 9, "_wandb": {"runtime": 942}}