{"epoch": 3, "loss": 1.3941715955734253, "accuracy": 0.5520132780075073, "val_loss": 27.85968780517578, "val_accuracy": 0.04373884201049805, "_timestamp": 1712229469.319799, "_runtime": 417.0758318901062, "_step": 3}