{"epoch": 9, "loss": 0.09615901857614517, "accuracy": 0.9713392853736877, "val_loss": 0.028359487652778625, "val_accuracy": 0.9927314519882202, "_timestamp": 1712604886.466078, "_runtime": 987.2191050052643, "_step": 9, "_wandb": {"runtime": 986}}