{"epoch": 99, "loss": 0.7947991490364075, "accuracy": 0.7557305693626404, "val_loss": 0.6264121532440186, "val_accuracy": 0.8219841718673706, "_timestamp": 1713657838.482038, "_runtime": 7862.591620922089, "_step": 99, "_wandb": {"runtime": 7861}}