{"epoch": 9, "loss": 0.4762204885482788, "accuracy": 0.8763031363487244, "val_loss": 5.947341442108154, "val_accuracy": 0.05980617180466652, "_timestamp": 1712607821.6651714, "_runtime": 987.1095194816589, "_step": 9, "_wandb": {"runtime": 986}}