{"epoch": 99, "loss": 0.1454492211341858, "accuracy": 0.9579849243164062, "val_loss": 0.035154275596141815, "val_accuracy": 0.9900463223457336, "_timestamp": 1715401485.1592352, "_runtime": 9379.245828151703, "_step": 99, "_wandb": {"runtime": 9378}}