{"epoch": 9, "loss": 0.034484315663576126, "accuracy": 0.9894793629646301, "val_loss": 0.5196624994277954, "val_accuracy": 0.8738842010498047, "_timestamp": 1712241386.5937147, "_runtime": 1503.371336698532, "_step": 9, "_wandb": {"runtime": 1502}}