{"epoch": 49, "loss": 0.02394774742424488, "accuracy": 0.9932731986045837, "val_loss": 0.024846520274877548, "val_accuracy": 0.9966844916343689, "_timestamp": 1713712202.33043, "_runtime": 4797.52866601944, "_step": 49, "_wandb": {"runtime": 4796}}