{"epoch": 99, "loss": 0.5558605194091797, "accuracy": 0.8398101925849915, "val_loss": 0.20663878321647644, "val_accuracy": 0.9489583373069763, "_timestamp": 1715786044.7657225, "_runtime": 23196.575073480606, "_step": 99, "_wandb": {"runtime": 23195}}