{"epoch": 9, "loss": 0.1536533236503601, "accuracy": 0.9519877433776855, "val_loss": 0.06677307188510895, "val_accuracy": 0.981509804725647, "_timestamp": 1712247351.5708096, "_runtime": 979.1851437091827, "_step": 9, "_wandb": {"runtime": 978}}