{"epoch": 9, "loss": 0.044720955193042755, "accuracy": 0.9890649318695068, "val_loss": 0.04602567479014397, "val_accuracy": 0.9854629039764404, "_timestamp": 1712248969.0807555, "_runtime": 1606.907728433609, "_step": 9, "_wandb": {"runtime": 1606}}