{"epoch": 49, "loss": 0.040250036865472794, "accuracy": 0.9881941080093384, "val_loss": 0.007134091574698687, "val_accuracy": 0.9986110925674438, "_timestamp": 1715713746.7120714, "_runtime": 7268.736589431763, "_step": 49, "_wandb": {"runtime": 7267}}