{"epoch": 49, "loss": 0.08717397600412369, "accuracy": 0.9751650094985962, "val_loss": 0.10128721594810486, "val_accuracy": 0.9738587141036987, "_timestamp": 1713686086.8660638, "_runtime": 4543.565796852112, "_step": 49, "_wandb": {"runtime": 4542}}