{"epoch": 99, "loss": 0.10236939787864685, "accuracy": 0.9692989587783813, "val_loss": 0.030041541904211044, "val_accuracy": 0.9936240911483765, "_timestamp": 1713649965.0644433, "_runtime": 8072.137240409851, "_step": 99, "_wandb": {"runtime": 8071}}