{"epoch": 9, "loss": 0.054157864302396774, "accuracy": 0.983198881149292, "val_loss": 0.025954052805900574, "val_accuracy": 0.9923489093780518, "_timestamp": 1712602894.6140134, "_runtime": 1273.1523213386536, "_step": 9, "_wandb": {"runtime": 1270}}