{"epoch": 9, "loss": 0.16525353491306305, "accuracy": 0.9495648145675659, "val_loss": 0.11760809272527695, "val_accuracy": 0.9651874303817749, "_timestamp": 1712223153.3004005, "_runtime": 1091.2307903766632, "_step": 9, "_wandb": {"runtime": 1090}}