{"epoch": 99, "loss": 0.027320530265569687, "accuracy": 0.991377055644989, "val_loss": 0.005258260294795036, "val_accuracy": 0.9988425970077515, "_timestamp": 1715410777.9932716, "_runtime": 9278.326910495758, "_step": 99, "_wandb": {"runtime": 9277}}