{"epoch": 9, "loss": 0.07060079276561737, "accuracy": 0.9769183993339539, "val_loss": 0.04361255094408989, "val_accuracy": 0.9871206283569336, "_timestamp": 1712252245.454986, "_runtime": 1371.6974520683289, "_step": 9, "_wandb": {"runtime": 1371}}