{"epoch": 9, "loss": 0.09682726860046387, "accuracy": 0.9711161255836487, "val_loss": 1.2309566736221313, "val_accuracy": 0.7689365148544312, "_timestamp": 1712222050.514827, "_runtime": 1022.9342949390411, "_step": 9, "_wandb": {"runtime": 1022}}