{"epoch": 2, "loss": 1.7967649698257446, "accuracy": 0.47212037444114685, "val_loss": 1.5209931135177612, "val_accuracy": 0.5553430318832397, "_timestamp": 1712608126.6091938, "_runtime": 285.1811149120331, "_step": 2}