{"epoch": 22, "loss": 0.029342228546738625, "accuracy": 0.9929224848747253, "val_loss": 4.025957107543945, "val_accuracy": 0.23692935705184937, "_timestamp": 1712239872.134016, "_runtime": 3555.8815109729767, "_step": 22, "_wandb": {"runtime": 3555}}