{"epoch": 9, "loss": 1.2303624153137207, "accuracy": 0.6223100423812866, "val_loss": 5.566647529602051, "val_accuracy": 0.23603671789169312, "_timestamp": 1712229038.2388287, "_runtime": 1042.0270006656647, "_step": 9, "_wandb": {"runtime": 1041}}