{"epoch": 49, "loss": 0.021262018010020256, "accuracy": 0.9933688044548035, "val_loss": 0.6030629277229309, "val_accuracy": 0.8885488510131836, "_timestamp": 1713681533.065522, "_runtime": 3905.618434906006, "_step": 49, "_wandb": {"runtime": 3904}}