{"epoch": 49, "loss": 0.3441563844680786, "accuracy": 0.8931679725646973, "val_loss": 0.5916690826416016, "val_accuracy": 0.8529711961746216, "_timestamp": 1713677608.8374724, "_runtime": 4089.6478333473206, "_step": 49, "_wandb": {"runtime": 4087}}