{"epoch": 9, "loss": 0.031124494969844818, "accuracy": 0.9920617341995239, "val_loss": 0.14182373881340027, "val_accuracy": 0.9783218502998352, "_timestamp": 1712242649.0637093, "_runtime": 1251.5791313648224, "_step": 9, "_wandb": {"runtime": 1250}}