{"epoch": 49, "loss": 0.010277745313942432, "accuracy": 0.9969328045845032, "val_loss": 0.0040825423784554005, "val_accuracy": 0.9991897940635681, "_timestamp": 1715415986.651224, "_runtime": 5197.938047885895, "_step": 49, "_wandb": {"runtime": 5196}}