{"epoch": 9, "loss": 0.41290152072906494, "accuracy": 0.9031785130500793, "val_loss": 0.3356713354587555, "val_accuracy": 0.9250191450119019, "_timestamp": 1712244197.5288198, "_runtime": 1538.132311820984, "_step": 9, "_wandb": {"runtime": 1537}}