{"epoch": 49, "loss": 0.07523693889379501, "accuracy": 0.9783269166946411, "val_loss": 0.01710699312388897, "val_accuracy": 0.9959490895271301, "_timestamp": 1715748777.6311505, "_runtime": 7768.991910457611, "_step": 49, "_wandb": {"runtime": 7768}}