{"epoch": 9, "loss": 0.07975780963897705, "accuracy": 0.9788631200790405, "val_loss": 0.6507747769355774, "val_accuracy": 0.8684009313583374, "_timestamp": 1712223978.7104685, "_runtime": 813.9873285293579, "_step": 9, "_wandb": {"runtime": 813}}