{"epoch": 9, "loss": 0.07325904071331024, "accuracy": 0.9776197671890259, "val_loss": 0.09656072407960892, "val_accuracy": 0.97118079662323, "_timestamp": 1712218005.1942475, "_runtime": 964.1108064651489, "_step": 9, "_wandb": {"runtime": 962}}