{"epoch": 9, "loss": 0.5748862028121948, "accuracy": 0.8140402436256409, "val_loss": 25.832181930541992, "val_accuracy": 0.06337668746709824, "_timestamp": 1712218866.4843678, "_runtime": 848.7853329181671, "_step": 9, "_wandb": {"runtime": 848}}