{"epoch": 19, "loss": 0.046809375286102295, "accuracy": 0.9861319065093994, "val_loss": 1.2951303720474243, "val_accuracy": 0.7396072149276733, "_timestamp": 1712217029.6624382, "_runtime": 2142.114958047867, "_step": 19, "_wandb": {"runtime": 2141}}